gene,peak,0,1,2,3,4,5,6,chromosome,start,end,length,sum,mean,variance,norm_mean,norm_sum,gmm_bin,Peak2Gene
GBP2,chr1-89196985-89201657,-0.16426799,-0.14223173,0.25553015,0.12690221,0.06493424,0.1403931,-0.5187116,chr1,89196985,89201657,4672,1140,0.9043200115911124,433.8643547849284,0.5285834327793251,0.2440068493150685,7,True
HLA-DPA1,chr6-33077557-33083333,-0.48473135,-0.21217154,0.14726958,0.14296551,0.9229985,0.13813801,-0.57125944,chr6,33077557,33083333,5776,2073,1.85919712079968,1433.4505595198395,0.5814016062987457,0.358898891966759,0,True
TNFAIP3,chr6-137789753-137792920,-0.10802882,0.028537707,-0.15241535,0.089255296,0.09886719,0.34616733,-0.30441257,chr6,137789753,137792920,3167,1988,1.764173137648867,1318.28358608425,0.5775568494083652,0.6277233975371014,6,True
ATF3,chr1-212604203-212626574,-0.031849127,0.15531011,-0.42633834,0.20767958,0.3164538,-0.08915869,-0.3476163,chr1,212604203,212626574,22371,20266,59.10611519608688,136845.45170345673,0.8349104717086537,0.90590496625095,1,True
ARID5A,chr2-96541661-96555628,-0.07876928,0.021573557,-0.06675657,0.037969094,0.108879626,0.20186155,-0.36217126,chr2,96541661,96555628,13967,3701,3.988305420774676,4566.904567744803,0.6373347829775361,0.2649817426791723,7,True
CD6,chr11-60977201-60989782,-0.19247186,-0.1779277,-0.20014305,-0.17765872,-0.16332102,1.8928678,-0.23282936,chr11,60977201,60989782,12581,1384,1.1355405771341385,639.7572719795488,0.5452691620593563,0.1100071536443843,4,True
IFITM2,chr11-311666-318111,-0.32958767,-0.15479204,0.18046781,-0.028998518,0.37256062,0.5049445,-0.32889017,chr11,311666,318111,6445,1516,1.2659263249547767,767.0449011892854,0.5532349654605195,0.2352211016291699,7,True
CCND2,chr12-4268219-4277571,-0.1553929,0.0014414003,-0.093738794,-0.14726807,-0.07689256,1.0253996,-0.24566582,chr12,4268219,4277571,9352,5159,6.3946494837017935,8872.343100589083,0.6719325725239733,0.5516467065868264,6,True
SAMSN1,chr21-14547822-14550715,-0.049292803,0.35064244,0.047006622,-0.33356878,-0.08458952,0.08467429,-0.4821394,chr21,14547822,14550715,2893,1288,1.0428592352806558,553.6205650772479,0.5390294328183415,0.4452125820947114,13,True
HLA-DMA,chr6-33027480-33030628,-0.2759476,-0.04016662,0.07933632,0.070689306,0.47274035,0.020885265,-0.3782941,chr6,33027480,33030628,3148,3299,3.407651578479805,3628.362387017894,0.6258037984577411,1.0479669631512072,9,True
CD74,chr5-150385442-150415310,-0.38662988,-0.0713898,0.122044735,0.27535793,0.7219912,-0.1742121,-0.97302085,chr5,150385442,150415310,29868,34956,158.96489419076605,407141.64746648894,0.9074155282616392,1.170349537967055,5,True
NABP1,chr2-191689186-191692372,0.067893885,0.17757452,-0.17734872,0.003095187,-0.08448957,0.02148659,-0.39822194,chr2,191689186,191692372,3186,951,0.7344487629387514,302.08073757919306,0.5133354021912683,0.2984934086629002,7,True
NAMPT,chr7-106247094-106249884,0.29029712,0.1636377,-0.62575257,0.22841598,0.041315977,-0.17618284,-0.51388633,chr7,106247094,106249884,2790,1160,0.9228069766081826,449.3437368011559,0.5300664987906659,0.4157706093189964,13,True
PLEK,chr2-68378893-68380837,-0.0474404,0.048143324,0.08565794,-0.024550965,0.01688781,0.0012794867,-0.38719496,chr2,68378893,68380837,1944,347,0.2447152999313296,40.39061509392018,0.4327926903573461,0.1784979423868312,2,True
HLA-DQB1,chr6-32656886-32662290,-0.33219144,-0.12389959,0.073779985,0.19655979,0.6569154,0.059812758,-0.8389961,chr6,32656886,32662290,5404,1542,1.2920989933443323,793.5890790263421,0.5547346747914719,0.2853441894892672,7,True
MAP1LC3B,chr16-87404200-87408211,-0.028665453,0.1326118,-0.097396635,-0.106114544,-0.007484874,0.18193567,-0.07985911,chr16,87404200,87408211,4011,1355,1.1072590082139635,612.8842836501054,0.5434208094455085,0.337820992271254,0,True
STX11,chr6-144167601-144170469,0.09691497,0.12481948,-0.044963732,-0.025377735,-0.14321809,-0.030055145,-0.5170632,chr6,144167601,144170469,2868,866,0.6606307465886014,250.55287051239296,0.5055726094749827,0.301952580195258,7,True
HLA-DPB1,chr6-33027480-33030628,-0.45523852,-0.11586048,0.13690466,0.053551428,0.7960855,0.15363006,-0.46215874,chr6,33027480,33030628,3148,3299,3.407651578479805,3628.362387017894,0.6258037984577411,1.0479669631512072,9,True
RPL13A,chr19-49564334-49572048,-0.4270473,0.02427749,0.28341857,-0.16859587,0.18182446,0.64763886,-0.26218864,chr19,49564334,49572048,7714,1092,0.860496767610752,398.3507995998665,0.5249430842962552,0.1415607985480943,4,True
ELL,chr19-18500476-18510672,0.026805576,0.09306496,-0.06354642,-0.0054625333,-0.06872447,0.011819865,-0.17236255,chr19,18500476,18510672,10196,3875,4.250411046341968,5005.483550072246,0.6419993586573274,0.3800510003923107,0,True
HLA-DPB1,chr6-33077557-33083333,-0.45523852,-0.11586048,0.13690466,0.053551428,0.7960855,0.15363006,-0.46215874,chr6,33077557,33083333,5776,2073,1.85919712079968,1433.4505595198395,0.5814016062987457,0.358898891966759,0,True
MAFF,chr22-38217689-38223777,0.047481358,0.06476639,-0.11968165,0.016882312,-0.033033166,0.018114677,-0.105505675,chr22,38217689,38223777,6088,1288,1.04292590195473,553.8206317661442,0.5390341175853325,0.2115637319316688,2,True
MTSS1,chr8-124788671-124790736,-0.37787345,-0.26774895,0.111507885,0.338342,0.617551,0.06134771,-0.25566193,chr8,124788671,124790736,2065,1000,0.7777168271537216,333.9281982883183,0.5175304358773226,0.4842615012106537,13,True
NOSIP,chr19-49564334-49572048,-0.2226374,-0.10617616,0.10306899,-0.16261446,0.018993143,0.93842185,-0.21734129,chr19,49564334,49572048,7714,1092,0.860496767610752,398.3507995998665,0.5249430842962552,0.1415607985480943,4,True
CD2,chr1-116737009-116739979,-0.18915334,-0.1613629,-0.16100499,-0.15914232,-0.106561676,1.628692,-0.13635267,chr1,116737009,116739979,2970,437,0.3125617430253788,63.99779081916196,0.4507261608890148,0.1471380471380471,2,True
XKR8,chr1-27978911-27980217,-0.0689456,-0.05162425,0.11732042,0.050771512,-0.011219694,0.09024456,-0.24646203,chr1,27978911,27980217,1306,1318,1.0715687673594927,579.7778708458374,0.5410196876069567,1.009188361408882,9,True
TRAF1,chr9-120889498-120893898,-0.07960598,-0.14963183,-0.092098914,-0.028538749,0.08598358,0.7087776,-0.19081551,chr9,120889498,120893898,4400,451,0.3232763468825571,68.15231699455373,0.4531962889243583,0.1025,4,True
ACSL1,chr4-184816907-184821648,0.22812116,0.16619317,-0.015330408,-0.08306122,-0.44066128,-0.16128848,-0.08852611,chr4,184816907,184821648,4741,2089,1.8772623684365597,1455.664367678115,0.5821102628386112,0.4406243408563594,13,True
FBXO3,chr11-33699702-33701801,-0.020212406,-0.012564012,0.0128276665,-0.13158654,-0.0050423127,0.3421128,-0.2066263,chr11,33699702,33701801,2099,972,0.7529536712170746,315.6139673224408,0.5151590023920868,0.4630776560266794,13,True
CD69,chr12-9750288-9765826,-0.19551487,-0.06910493,-0.21908858,-0.06563228,0.09973949,1.1443012,-0.22657073,chr12,9750288,9765826,15538,5015,6.135939611400698,8383.954773813493,0.6689059935754106,0.3227571115973742,0,True
RPL13A,chr19-49551445-49563522,-0.4270473,0.02427749,0.28341857,-0.16859587,0.18182446,0.64763886,-0.26218864,chr19,49551445,49563522,12077,1326,1.0794403012711444,587.4003441147048,0.5415560617605171,0.1097954790096878,4,True
SIGLEC10,chr19-51460492-51462244,-0.09389243,-0.10719419,0.055879537,-0.027094405,0.31682932,0.05592257,-0.25408998,chr19,51460492,51462244,1752,633,0.4664991349443483,133.9639039679893,0.4800736915349627,0.3613013698630137,0,True
SLC2A3,chr12-7958425-7962007,0.1416009,0.36116907,0.011956922,-0.36421353,-0.64055884,0.33277968,-0.11626798,chr12,7958425,7962007,3582,2203,2.0074767846826056,1618.4378308325,0.5870250952117771,0.6150195421552206,6,True
CD247,chr1-167450515-167458277,-0.25436446,-0.24957442,-0.23687302,-0.23339765,-0.2548794,2.5239341,-0.28063628,chr1,167450515,167458277,7762,1381,1.1324818056831636,636.577898855174,0.5450714884331388,0.1779180623550631,2,True
RAB31,chr18-9779540-9780058,-0.065349475,0.18110222,0.15668702,-0.20972364,0.034555584,-0.08254369,-0.47430182,chr18,9779540,9780058,518,303,0.2121924222436024,30.78945915305101,0.4223420156470089,0.584942084942085,6,True
FAM53C,chr5-138346675-138350773,0.042599443,0.17791231,-0.13142422,-0.07492823,-0.04848492,-0.0030864466,-0.17470531,chr5,138346675,138350773,4098,675,0.5006170000685556,152.35161720573527,0.4852465697627069,0.164714494875549,2,True
C5AR1,chr19-47317034-47325287,0.1227,-0.1442626,0.03895106,0.02042575,-0.02615086,-0.015362631,-0.2135429,chr19,47317034,47325287,8253,4261,4.856612966142181,6052.695511392685,0.6517702066746651,0.5162971040833636,6,True
ERCC1,chr19-45462041-45481856,-0.042688232,0.16167648,-0.25074795,0.012372154,0.16972421,0.088038675,-0.30131,chr19,45462041,45481856,19815,36720,174.1684789964976,449239.60546848935,0.9141094160375212,1.8531415594246785,12,True
ATF3,chr1-212490464-212492089,-0.031849127,0.15531011,-0.42633834,0.20767958,0.3164538,-0.08915869,-0.3476163,chr1,212490464,212492089,1625,1103,0.8703991916739843,406.0679742136268,0.5257816248460976,0.6787692307692308,11,True
ATM,chr11-108235643-108238081,-0.21350527,-0.031605437,0.12909497,-0.1510804,0.061703175,0.68448704,-0.40797824,chr11,108235643,108238081,2438,834,0.6332530250281139,232.39232810936977,0.5024707962957613,0.3420836751435603,0,True
CD44,chr11-35176695-35181253,-0.0131838275,0.20353165,0.03913055,-0.09990549,-0.23123619,0.15895389,-0.46627647,chr11,35176695,35181253,4558,656,0.4851523004243297,143.94205357341335,0.4829469787277564,0.1439227731461167,4,True
ZEB2,chr2-144458547-144460632,0.06498663,0.090617664,0.14618737,-0.009298021,-0.007826965,-0.37005007,-0.7824779,chr2,144458547,144460632,2085,764,0.5741620347587446,195.06026631099255,0.4952918526356775,0.3664268585131894,0,True
NAPA,chr19-47483088-47499695,-0.088740475,-0.0007155175,0.06116804,0.05426825,0.058810282,0.053723525,-0.2995015,chr19,47483088,47499695,16607,6476,8.973412319119888,13977.21036967878,0.6967620634217114,0.3899560426326248,0,True
LRRFIP1,chr2-237725109-237727938,0.07556446,0.23161393,-0.050791997,-0.016170165,-0.15936157,-0.08912371,-0.80641973,chr2,237725109,237727938,2829,1896,1.66312361945818,1199.033981993998,0.5732341284535645,0.6702014846235419,11,True
ARL4C,chr2-234420202-234428212,-0.21562967,-0.1163799,-0.15913427,-0.18836595,-0.09348339,1.6330305,-0.15786737,chr2,234420202,234428212,8010,1355,1.107279008216186,612.9443036567743,0.5434221331641287,0.1691635455680399,2,True
FLT3LG,chr19-49564334-49572048,-0.19303547,-0.08100506,-0.03904654,-0.08020206,0.004357669,0.95603204,-0.17603667,chr19,49564334,49572048,7714,1092,0.860496767610752,398.3507995998665,0.5249430842962552,0.1415607985480943,4,True
TEX14,chr17-58630129-58633275,0.0021690377,0.2565031,-0.21781345,-0.054392613,0.066474594,-0.10350759,-0.14798298,chr17,58630129,58633275,3146,4208,4.771181898427618,5902.316877181281,0.6504695904161409,1.337571519389701,8,True
SH3RF3,chr2-109212669-109215733,-0.0150823295,0.19455917,-0.054675736,-0.21609639,-0.1527602,0.31623802,-0.10434091,chr2,109212669,109215733,3064,2840,2.7888654061702303,2689.3850839168604,0.6111182012139026,0.9268929503916448,9,True
RPS3A,chr4-151014249-151017068,-0.38862783,-0.0032271703,0.26639852,-0.14784239,0.12857014,0.66844213,-0.22728635,chr4,151014249,151017068,2819,1334,1.0870058161858314,594.1044543736801,0.5420679099121507,0.4732174529975168,13,True
TRAPPC10,chr21-44081263-44091379,-0.1676097,0.03658839,0.060393818,-0.049046077,0.15209812,0.26834494,-0.45147824,chr21,44081263,44091379,10116,1539,1.2891385845709538,790.7048922974323,0.5545665728736651,0.152135231316726,2,True
HLA-DRA,chr6-32472309-32474655,-0.3703649,-0.065489426,0.04837198,0.30572283,0.67452574,-0.14452083,-0.7456976,chr6,32472309,32474655,2346,3387,3.5315417599490844,3824.156821607203,0.6284209135750128,1.4437340153452685,8,True
IL1B,chr2-112826983-112837569,-0.08211793,0.0948568,-0.24718428,0.20100382,0.17730872,-0.027697543,-0.14436136,chr2,112826983,112837569,10586,5779,7.5619744934045725,11135.485454707125,0.6842204247995081,0.5459096920460986,6,True
MTSS1,chr8-124629413-124631563,-0.37787345,-0.26774895,0.111507885,0.338342,0.617551,0.06134771,-0.25566193,chr8,124629413,124631563,2150,1482,1.2318494222054912,732.7801160386795,0.5512351846731187,0.6893023255813954,11,True
JUN,chr1-58777205-58787295,0.32236233,0.30069187,-0.8938878,0.0786823,0.034907047,0.098351404,-0.1990529,chr1,58777205,58787295,10090,16859,42.79337343911556,94704.9136907858,0.8112427975020404,1.6708622398414272,3,True
HLA-DPA1,chr6-33075147-33077049,-0.48473135,-0.21217154,0.14726958,0.14296551,0.9229985,0.13813801,-0.57125944,chr6,33075147,33077049,1902,2167,1.9660263089658865,1566.0449532066243,0.5854960494193759,1.1393270241850684,5,True
P2RX1,chr17-3834761-3835752,-0.04463632,0.010858873,0.032916818,-0.02015751,0.19513007,-0.077360585,-0.4063732,chr17,3834761,3835752,991,545,0.3963122625532143,99.33309992219624,0.468124197973717,0.549949545913219,6,True
FTL,chr19-48870759-48885599,-0.6235722,0.110140264,0.58118176,-0.2340783,0.39841017,0.28354084,-0.48960608,chr19,48870759,48885599,14840,16671,41.966874775430526,92600.591201067,0.8098135334355026,1.1233827493261457,5,True
SLC44A2,chr19-10601761-10606297,-0.03890351,-0.1480831,0.07304679,-0.08486414,-0.029277245,0.51939636,-0.16546708,chr19,10601761,10606297,4536,3052,3.068978162627203,3106.003466044237,0.6181323542834511,0.6728395061728395,11,True
SARAF,chr8-30067057-30102417,-0.1149836,0.10276558,-0.21422687,-0.0037725687,0.14393239,0.5061192,-0.6044371,chr8,30067057,30102417,35360,14930,34.70070135192978,74276.80475714126,0.7958804187454043,0.4222285067873303,13,True
MGAT4A,chr2-98767875-98774314,-0.15654077,0.042879693,-0.07454582,-0.15423678,-0.14980504,0.99356157,-0.17983478,chr2,98767875,98774314,6439,1239,0.9965400187266686,512.6165961987329,0.5356999067786058,0.1924211834135735,2,True
RPL3,chr22-39239183-39245435,-0.5189743,0.050722968,0.3185217,-0.2560407,0.26126334,0.815677,-0.32281992,chr22,39239183,39245435,6252,1206,0.9655864130651568,485.7248256085361,0.5333874742886814,0.1928982725527831,2,True
CD3G,chr11-118398435-118402795,-0.18059035,-0.1619089,-0.1021684,-0.16201702,-0.103179574,1.5109242,-0.19261831,chr11,118398435,118402795,4360,1961,1.7343415970009182,1282.7591325997553,0.5763070184563726,0.4497706422018349,13,True
PBXIP1,chr1-154950195-154959872,-0.1710323,-0.085341,0.023182277,-0.12695865,0.036036994,0.8265348,-0.2144012,chr1,154950195,154959872,9677,3111,3.1487836356426264,3227.499690563521,0.6200137113113339,0.321483930970342,0,True
FOXO1,chr13-40612726-40616048,-0.09651172,-0.055848584,-0.0055576796,-0.1032516,-0.013570209,0.75241196,-0.5213819,chr13,40612726,40616048,3322,395,0.2806884719283487,52.34610425697456,0.4428438075398045,0.1189042745334136,4,True
CD44,chr11-35137316-35175611,-0.0131838275,0.20353165,0.03913055,-0.09990549,-0.23123619,0.15895389,-0.46627647,chr11,35137316,35175611,38295,12472,25.584176059871407,51834.1123556741,0.773543997338845,0.3256822039430735,0,True
TC2N,chr14-91835408-91837532,-0.24744944,-0.24885541,-0.25825727,-0.2408053,-0.24913901,2.533361,-0.23492071,chr14,91835408,91837532,2124,469,0.3371376728671488,73.75015627431368,0.4562731015764502,0.2208097928436911,2,True
ELF1,chr13-41032516-41034176,-0.062340885,0.11939198,0.048882216,-0.10404913,0.01405136,0.14448467,-0.55864435,chr13,41032516,41034176,1660,1291,1.0457374227115654,556.258005557408,0.5392314152249881,0.7777108433734939,1,True
CBX5,chr12-54191136-54192235,-0.12740588,-0.015762186,-0.072689846,-0.030839238,0.01869104,0.56466335,-0.06435197,chr12,54191136,54192235,1099,446,0.3194156775647049,66.56644837167944,0.4523158206910329,0.4058234758871701,13,True
IFFO2,chr1-18934215-18939335,-0.04210674,0.15697142,-0.21908273,0.05691858,-0.013614809,0.20583995,-0.23906097,chr1,18934215,18939335,5120,640,0.472182037649856,137.018294987218,0.4809610645010782,0.125,4,True
TTC33,chr5-40677946-40690358,-0.1558333,-0.07863873,0.10307317,-0.040738344,0.08065047,0.41028035,-0.19973646,chr5,40677946,40690358,12412,5333,6.713112614197698,9480.050955207287,0.6754943342096098,0.4296648404769578,13,True
ACSL1,chr4-184781698-184783610,0.22812116,0.16619317,-0.015330408,-0.08306122,-0.44066128,-0.16128848,-0.08852611,chr4,184781698,184783610,1912,499,0.3603218176653871,83.3257748138268,0.4611470496905573,0.2609832635983263,7,True
PLEK,chr2-68383089-68389462,-0.0474404,0.048143324,0.08565794,-0.024550965,0.01688781,0.0012794867,-0.38719496,chr2,68383089,68389462,6373,4836,5.82032858803651,7794.806092697565,0.6650360360999996,0.7588262984465715,11,True
CD55,chr1-207318138-207338018,0.085839465,0.2125482,-0.17951939,-0.15127745,-0.061989285,0.14920467,-0.50732666,chr1,207318138,207338018,19880,14505,33.0264053696006,70102.24251417139,0.7922562619319456,0.7296277665995976,11,True
TEX14,chr17-58657197-58660181,0.0021690377,0.2565031,-0.21781345,-0.054392613,0.066474594,-0.10350759,-0.14798298,chr17,58657197,58660181,2984,4258,4.851623640698923,6043.722545737468,0.6516948797402942,1.4269436997319034,8,True
ICAM1,chr19-10268209-10275252,-0.09137989,-0.007298189,0.02329956,0.11899598,0.1255336,-0.085309885,-0.19092199,chr19,10268209,10275252,7043,8052,12.565630477070052,21605.457061687222,0.7214372831616189,1.143262814141701,5,True
GBP5,chr1-89310050-89313036,-0.13012195,-0.28570667,0.14338684,0.23223007,0.16533893,0.14886197,-0.15789112,chr1,89310050,89313036,2986,866,0.6606196354762558,250.5195260642436,0.5055713768777538,0.290020093770931,7,True
HLA-DPB1,chr6-33008256-33010092,-0.45523852,-0.11586048,0.13690466,0.053551428,0.7960855,0.15363006,-0.46215874,chr6,33008256,33010092,1836,449,0.3217335022666854,67.52224030232301,0.4528456941445135,0.2445533769063181,7,True
HLA-DMB,chr6-33027480-33030628,-0.29058638,-0.03244012,0.05549763,0.05325335,0.5287115,0.05385634,-0.4268478,chr6,33027480,33030628,3148,3299,3.407651578479805,3628.362387017894,0.6258037984577411,1.0479669631512072,9,True
SLC25A33,chr1-9557611-9560447,-0.09885042,0.14099462,-0.100896426,-0.036657188,0.14738505,0.12047749,-0.3513942,chr1,9557611,9560447,2836,375,0.2656254184028243,47.141880626875626,0.4388014973108809,0.1322284908321579,4,True
PDK1,chr2-172494981-172497294,-0.065806694,0.0031561044,0.0031055324,-0.10752315,-0.09711523,0.5735158,-0.29569212,chr2,172494981,172497294,2313,370,0.2618864142836756,45.92112926531067,0.437762582865108,0.1599654128837008,2,True
IKZF1,chr7-50345399-50369926,-0.16120547,-0.10618635,0.17702478,0.011977304,0.060543787,0.42849603,-0.6218529,chr7,50345399,50369926,24527,6168,8.335595855955095,12679.12316372124,0.69135864002951,0.2514779630611163,7,True
PDK1,chr2-172460255-172464191,-0.065806694,0.0031561044,0.0031055324,-0.10752315,-0.09711523,0.5735158,-0.29569212,chr2,172460255,172464191,3936,764,0.5741720347598557,195.090276314327,0.4952931290173878,0.1941056910569105,2,True
NOL4L,chr20-32533924-32543253,-0.12882528,-0.1394753,-0.088925965,-0.06866494,0.11035127,0.86583555,-0.2607166,chr20,32533924,32543253,9329,1841,1.6038862847281057,1131.2627404690452,0.5705762113368253,0.1973416228963447,2,True
ISG20,chr15-88644580-88653960,-0.12386834,-0.22308084,-0.006785415,-0.010786188,0.11618474,0.772058,-0.24916564,chr15,88644580,88653960,9380,1134,0.898866032318448,429.49696298766247,0.5281401069407884,0.1208955223880597,4,True
RHOB,chr2-20445406-20451869,-0.031664643,0.037113123,-0.031775214,-0.025321249,0.17052774,-0.09445481,-0.12782036,chr2,20445406,20451869,6463,6410,8.834937411289342,13693.647171279312,0.6956223256636771,0.9917994739285162,9,True
PRKACB,chr1-84143772-84145675,-0.21539153,-0.04381625,0.04120565,-0.203828,-0.0501136,1.0802342,-0.25845894,chr1,84143772,84145675,1903,447,0.3201926564658507,66.89816205401799,0.4524938715608024,0.2348922753547031,7,True
MX1,chr21-41373201-41376945,-0.14240277,-0.09097708,0.1779339,0.12735593,0.062499244,0.045500174,-0.28939605,chr21,41373201,41376945,3744,923,0.7100260894103062,284.78829432032904,0.5108569908849766,0.2465277777777778,7,True
HNRNPU,chr1-244845606-244865864,-0.21274593,0.2568161,0.069502965,-0.1509975,0.1332934,0.18693894,-0.7737426,chr1,244845606,244865864,20258,13422,28.94777564841951,60028.27472090696,0.7825961882067363,0.6625530654556224,11,True
SRGN,chr10-69085468-69109374,0.17172399,0.20033818,-0.47382712,0.09568617,0.18598925,-0.2541172,-0.43452927,chr10,69085468,69109374,23906,18257,49.17502856774391,111060.26073179948,0.8214296954302214,0.7636994896678658,11,True
MX1,chr21-41459830-41461008,-0.14240277,-0.09097708,0.1779339,0.12735593,0.062499244,0.045500174,-0.28939605,chr21,41459830,41461008,1178,301,0.210725045487968,30.385861509392026,0.4218334622859154,0.2555178268251273,7,True
IRF8,chr16-85922235-85925031,-0.110262394,0.006571057,0.011565335,0.16990297,0.19764172,-0.08766103,-0.60083485,chr16,85922235,85925031,2796,1050,0.8224336469370719,368.1233744581526,0.52162749235334,0.3755364806866952,0,True
CYFIP2,chr5-157252432-157254101,-0.11894489,-0.17199759,-0.07401926,-0.15226193,-0.19303428,1.4345967,-0.2233557,chr5,157252432,157254101,1669,412,0.2935233297988885,56.86351272646437,0.4461205330811394,0.2468544038346315,7,True
HDAC1,chr1-32272247-32277470,-0.12585685,-0.06263316,0.1137989,-0.15070264,0.05083103,0.49625966,-0.21910214,chr1,32272247,32277470,5223,432,0.3087639418626602,62.60058952984327,0.4498302452889851,0.0827110855829982,4,True
KLF2,chr19-16363226-16378669,0.1066121,0.0284728,-0.41611242,0.015740553,0.11757625,0.3967708,-0.39288303,chr19,16363226,16378669,15443,4942,6.006970613515253,8142.918811159275,0.6673492121325129,0.3200155410218221,0,True
GPR183,chr13-99285073-99308457,-0.2637789,0.1261222,0.037166405,-0.15843844,0.10752551,0.44320023,0.05914884,chr13,99285073,99308457,23384,5331,6.709311106812345,9472.642631543848,0.6754528222075046,0.2279763941156346,7,True
P2RX1,chr17-4001953-4006554,-0.04463632,0.010858873,0.032916818,-0.02015751,0.19513007,-0.077360585,-0.4063732,chr17,4001953,4006554,4601,2092,1.8805705105819088,1459.5921022563075,0.5822392942912381,0.4546837643990437,13,True
TTC39C,chr18-24009367-24013133,-0.19783379,-0.009320449,0.107134126,-0.17511483,0.028734133,0.7377441,-0.45766357,chr18,24009367,24013133,3766,397,0.2821837929833843,52.8335627431366,0.443233188215678,0.1054168879447689,4,True
TCOF1,chr5-150385442-150415310,-0.16394936,-0.041879624,-0.023655858,0.1386355,0.17664306,0.2270653,-0.34837356,chr5,150385442,150415310,29868,34956,158.96489419076605,407141.64746648894,0.9074155282616392,1.170349537967055,5,True
LBH,chr2-30229829-30240751,-0.16724142,-0.1163303,-0.117216446,-0.148472,-0.09721755,1.3662353,-0.1688004,chr2,30229829,30240751,10922,2120,1.912757486602684,1500.1852172946535,0.5834830038645027,0.1941036440212415,2,True
PRKCQ,chr10-6542577-6544176,-0.21752279,-0.18219212,-0.21612687,-0.17556216,-0.21528926,2.0579212,-0.1906529,chr10,6542577,6544176,1599,343,0.2417465973792515,39.48153873513395,0.4318982074994013,0.2145090681676047,2,True
HLA-DPB1,chr6-33071003-33074177,-0.45523852,-0.11586048,0.13690466,0.053551428,0.7960855,0.15363006,-0.46215874,chr6,33071003,33074177,3174,2004,1.781887677098631,1339.444918972991,0.5782890601120315,0.6313799621928167,6,True
MX2,chr21-41418695-41421172,-0.043063074,-0.10172524,0.109731615,0.11217829,-0.040119596,0.11245079,-0.31698304,chr21,41418695,41421172,2477,2205,2.0098190344243374,1621.466922307436,0.5871105523234663,0.8901897456600727,1,True
ATF3,chr1-212595362-212597177,-0.031849127,0.15531011,-0.42633834,0.20767958,0.3164538,-0.08915869,-0.3476163,chr1,212595362,212597177,1815,1887,1.6533673290408144,1187.7553544514838,0.5728029511124086,1.0396694214876032,9,True
TOM1,chr22-35305582-35316742,0.060231753,0.1413794,-0.22704197,-0.010669154,0.01777024,0.010216411,-0.14943661,chr22,35305582,35316742,11160,2195,1.998381551672024,1607.1430365677447,0.586692307130817,0.19668458781362,2,True
SNU13,chr22-41671242-41675684,-0.17850439,-0.016590597,0.01139892,-0.084177546,0.23192713,0.37429363,-0.22283056,chr22,41671242,41675684,4442,500,0.3611232253099879,83.73079915527396,0.4613098664774302,0.1125619090499774,4,True
NFKBIA,chr14-35331619-35334871,-0.09635197,0.14126326,-0.24707477,0.2029875,0.066006966,0.113122694,-0.2878776,chr14,35331619,35334871,3252,993,0.7714973377219264,329.2635105035011,0.5169420064517868,0.3053505535055351,7,True
ZNF331,chr19-53536945-53542383,-0.19112852,-0.04501519,-0.14769098,-0.060689323,0.36288205,0.5515304,-0.21035004,chr19,53536945,53542383,5438,2508,2.3704512909390325,2097.724324108036,0.5992052940398132,0.4611989702096359,13,True
YPEL5,chr2-30144160-30169627,0.11112018,0.17598994,-0.16097386,-0.1485915,-0.11435057,0.20152083,-0.52578455,chr2,30144160,30169627,25467,16678,41.99989730606266,92685.69181549404,0.8098711771143902,0.6548867161424589,11,True
IRF1,chr5-132462754-132502251,0.05572815,0.07115116,-0.065544695,0.058819063,-0.0393014,-0.017444804,-0.5920801,chr5,132462754,132502251,39497,36885,175.62805925867326,453289.8058352785,0.9147210108164296,0.9338683950679798,9,True
RRP12,chr10-97368556-97375448,0.16805401,0.27964726,-0.4908997,0.09417646,-0.096275784,-0.024757903,-0.2980317,chr10,97368556,97375448,6892,3236,3.3200107842974944,3491.352363676781,0.6238943169387504,0.46952988972722,13,True
ACSL1,chr4-184792675-184793829,0.22812116,0.16619317,-0.015330408,-0.08306122,-0.44066128,-0.16128848,-0.08852611,chr4,184792675,184793829,1154,937,0.7221555663135815,293.18885450705784,0.5120983662518785,0.8119584055459272,1,True
MTMR12,chr5-32276125-32277327,-0.08617728,-0.0013903398,0.0625528,-0.05202967,0.035232976,0.22109036,-0.22105509,chr5,32276125,32277327,1202,573,0.4184898496099833,109.88803867955984,0.4721146142452225,0.4767054908485857,13,True
STK17A,chr7-43645644-43652414,-0.11671358,0.11540866,-0.1719478,-0.08046956,-0.13123384,0.82954454,-0.34846634,chr7,43645644,43652414,6770,973,0.7538858276169439,316.4113686784484,0.5152496738542723,0.1437223042836041,4,True
C18orf25,chr18-46103690-46105171,-0.01852869,-0.019817976,0.016896259,-0.021325987,-0.08024385,0.28734747,-0.23279665,chr18,46103690,46105171,1481,484,0.3486897785951606,78.4180255640769,0.45874218715352,0.3268062120189061,0,True
VIM,chr10-17205663-17207863,-0.102667965,0.3534202,0.09548538,-0.18072405,-0.17072718,0.13977702,-0.8679276,chr10,17205663,17207863,2200,1789,1.5480331318555332,1067.647428698455,0.5679786439302131,0.8131818181818182,1,True
GRAP2,chr22-39935038-39944855,-0.24318981,-0.23481475,-0.2229312,-0.23550329,-0.2132061,2.3322387,-0.14430055,chr22,39935038,39944855,9817,689,0.5120801723052043,158.75259708791816,0.4869057460962519,0.0701843740450239,10,True
SAMSN1,chr21-14533004-14535760,-0.049292803,0.35064244,0.047006622,-0.33356878,-0.08458952,0.08467429,-0.4821394,chr21,14533004,14535760,2756,1198,0.9580399280785103,479.0778241636101,0.532812464816336,0.4346879535558781,13,True
CD3G,chr11-118434093-118439206,-0.18059035,-0.1619089,-0.1021684,-0.16201702,-0.103179574,1.5109242,-0.19261831,chr11,118434093,118439206,5113,4048,4.518143568090026,5462.948847838167,0.6464760474791466,0.7917074124779973,1,True
SOD2,chr6-159680969-159695839,-0.059333596,0.15192552,0.048150092,-0.107633315,0.019038925,0.056214284,-0.5323432,chr6,159680969,159695839,14870,10801,20.153203483541123,38877.76365410692,0.7560572578905103,0.7263618022864828,11,True
HLA-DRB1,chr6-32634078-32640587,-0.49305543,-0.07447341,0.11505183,0.20897016,0.7581286,0.055023443,-0.5775526,chr6,32634078,32640587,6509,2313,2.136050093783344,1784.2863314438148,0.5915746498083198,0.3553541250576125,0,True
BCL11B,chr14-99223600-99254668,-0.2804747,-0.250554,-0.28319043,-0.24965756,-0.24799919,2.6995037,-0.27092496,chr14,99223600,99254668,31068,1195,0.9559607691808264,478.83826831165953,0.5326532459474049,0.0384640144199819,10,True
NAMPT,chr7-106256272-106286624,0.29029712,0.1636377,-0.62575257,0.22841598,0.041315977,-0.17618284,-0.51388633,chr7,106256272,106286624,30352,26613,96.37042896426988,235981.65732177396,0.8707372480611764,0.8768120716921455,1,True
MTSS1,chr8-124750656-124752545,-0.37787345,-0.26774895,0.111507885,0.338342,0.617551,0.06134771,-0.25566193,chr8,124750656,124752545,1889,2491,2.3495585453583567,2069.025194620429,0.5985565039274074,1.3186871360508206,8,True
MX2,chr21-41459830-41461008,-0.043063074,-0.10172524,0.109731615,0.11217829,-0.040119596,0.11245079,-0.31698304,chr21,41459830,41461008,1178,301,0.210725045487968,30.385861509392026,0.4218334622859154,0.2555178268251273,7,True
IL32,chr16-3072167-3077651,-0.16469212,-0.12904777,-0.15255772,-0.17017558,-0.1755252,1.6028284,-0.17086338,chr16,3072167,3077651,5484,846,0.6435133728348192,239.18363187729244,0.5036486972180656,0.1542669584245076,2,True
HLA-DRB1,chr6-32663371-32669762,-0.49305543,-0.07447341,0.11505183,0.20897016,0.7581286,0.055023443,-0.5775526,chr6,32663371,32669762,6391,4937,5.99729637466256,8123.886420362342,0.6672310903402718,0.7724925676732906,1,True
FOXP1,chr3-71485625-71494791,0.10030673,0.09116638,0.0017203486,-0.10036114,-0.29959252,0.318899,-0.6155719,chr3,71485625,71494791,9166,1207,0.9665642779145496,486.6593980215628,0.5334616542584053,0.1316823041675758,4,True
PARVB,chr22-44067261-44069581,-0.20856945,-0.019709472,0.050133873,0.009398799,0.35996333,0.039258674,-0.17223902,chr22,44067261,44069581,2320,5067,6.22833284181476,8557.226858286096,0.6700012818627268,2.184051724137931,12,True
SLC2A3,chr12-7914787-7919897,0.1416009,0.36116907,0.011956922,-0.36421353,-0.64055884,0.33277968,-0.11626798,chr12,7914787,7919897,5110,1190,0.9506212019208744,472.8142269645437,0.5322427579252947,0.2328767123287671,7,True
ANXA6,chr5-151195471-151197275,-0.13822703,0.079156145,0.0856412,-0.23059097,-0.121508166,0.64422184,-0.21191756,chr5,151195471,151197275,1804,754,0.5657987271628215,189.96198021562745,0.4942165152788836,0.417960088691796,13,True
RAB11FIP1,chr8-37854518-37858601,0.177476,0.25596666,-0.15653493,-0.036376595,-0.3529895,-0.071491644,-0.30851933,chr8,37854518,37858601,4083,1115,0.8814216942320401,415.1465043903522,0.5267038670949682,0.2730835170217977,7,True
GBP2,chr1-89124476-89130578,-0.16426799,-0.14223173,0.25553015,0.12690221,0.06493424,0.1403931,-0.5187116,chr1,89124476,89130578,6102,2776,2.706289756106269,2569.5755580749137,0.6089155105640675,0.4549328089151098,13,True
EZR,chr6-158792584-158796850,-0.18583322,0.21287394,-0.091827825,-0.203987,0.16836739,0.41844615,-0.3593175,chr6,158792584,158796850,4266,513,0.3712337199148577,88.0723934644882,0.463333472505029,0.120253164556962,4,True
TNFSF10,chr3-172591250-172593538,-0.28570548,-0.21972035,0.3677508,0.18951657,0.28760552,-0.03914786,-0.39130032,chr3,172591250,172593538,2288,1322,1.0753985366739116,583.2710085584083,0.5412811422864464,0.5777972027972028,6,True
C12orf57,chr12-6850059-6853731,-0.042468157,-0.03187698,-0.07621872,-0.026301077,-0.03406958,0.44815147,-0.07389402,chr12,6850059,6853731,3672,7611,11.504613897401542,19303.346306102037,0.7149722319863773,2.072712418300654,12,True
TREM1,chr6-41280331-41287503,0.10168928,0.21551664,-0.15426677,-0.016629927,-0.24090081,0.005050371,-0.24444509,chr6,41280331,41287503,7172,8919,14.777072669896963,26507.995082360787,0.733317724451116,1.2435861684327942,5,True
HBEGF,chr5-140261202-140262471,-0.055411913,0.10942015,-0.029571068,-0.06199929,0.060564496,-0.061507266,0.122005746,chr5,140261202,140262471,1269,2133,1.927113075012564,1517.2663381127045,0.5840309718811524,1.680851063829787,3,True
UXS1,chr2-106093867-106098316,-0.07910361,0.039850596,-0.013183547,-0.08601263,-0.10426526,0.56816757,-0.38845524,chr2,106093867,106098316,4449,540,0.3924686213854024,97.7983327775925,0.4674099670150647,0.1213755900202292,4,True
OXNAD1,chr3-16311512-16319790,-0.205102,-0.119341105,-0.051642597,-0.10600959,-0.044651613,1.2332605,-0.25112113,chr3,16311512,16319790,8278,575,0.4200732874155504,110.63993553406692,0.4723913813897415,0.0694612225175163,10,True
CLEC2D,chr12-9646804-9652494,-0.16749474,-0.022565575,0.034155924,-0.06336072,-0.16582896,0.87515306,-0.30123165,chr12,9646804,9652494,5690,2648,2.543963037625523,2338.433075914193,0.6043823927224308,0.4653778558875219,13,True
NR4A1,chr12-52048456-52064713,-0.21252662,0.13111377,-0.23839648,0.11954502,0.4461899,-0.014102658,-0.18071662,chr12,52048456,52064713,16257,16076,39.40974396760118,86116.64164677114,0.8052062483660258,0.9888663345020606,9,True
SERINC5,chr5-80180701-80185479,-0.13950421,0.06280665,0.093841136,-0.18067634,-0.1365036,0.6724836,-0.39795372,chr5,80180701,80185479,4778,508,0.3673426980010405,86.39543670112262,0.4625612880902573,0.1063206362494767,4,True
CYTIP,chr2-157426512-157445564,-0.13993458,0.14046766,0.11473179,-0.18895195,0.077102244,0.27614683,-0.71176386,chr2,157426512,157445564,19052,6016,8.028897520840465,12062.721460042234,0.6886113248580176,0.315767373504094,0,True
HLA-DQA1,chr6-32663371-32669762,-0.40022403,-0.14254104,-0.12733984,0.16596308,0.9701403,0.035287406,-0.12013257,chr6,32663371,32669762,6391,4937,5.99729637466256,8123.886420362342,0.6672310903402718,0.7724925676732906,1,True
SLC27A4,chr9-128361127-128362726,-0.08677924,-0.0042488514,0.050337438,-0.053102084,0.028567845,0.25592726,-0.19716232,chr9,128361127,128362726,1599,522,0.3782585629176181,91.15394731577192,0.4647072960315378,0.3264540337711069,0,True
STK38L,chr12-27179531-27181410,-0.08795568,0.075524956,0.1617337,-0.10495848,-0.006955855,0.059277263,-0.37178352,chr12,27179531,27181410,1879,1294,1.048562051914302,558.7347177948204,0.5394290993061679,0.6886641830761043,11,True
ITPKB,chr1-226721241-226741499,-0.14567946,-0.1114324,0.025405155,-0.11644094,-0.018560298,0.8925005,-0.2752471,chr1,226721241,226741499,20258,2566,2.442178811205053,2196.978612426364,0.6013899561043925,0.1266660084904729,4,True
ACSL1,chr4-184810540-184815887,0.22812116,0.16619317,-0.015330408,-0.08306122,-0.44066128,-0.16128848,-0.08852611,chr4,184810540,184815887,5347,3250,3.339318667331704,3521.2953206624434,0.6243192829037926,0.607817467738919,6,True
LIMS1,chr2-108589712-108592035,-0.18301904,0.15009135,0.06447375,-0.25027385,0.26253796,0.1453956,-0.24694498,chr2,108589712,108592035,2323,1771,1.528906400841452,1046.2481089251974,0.5670675227204067,0.7623762376237624,11,True
IKZF1,chr7-50370851-50375343,-0.16120547,-0.10618635,0.17702478,0.011977304,0.060543787,0.42849603,-0.6218529,chr7,50370851,50375343,4492,458,0.3286474048126746,70.27086184283651,0.4544038848335018,0.1019590382902938,4,True
KIAA0513,chr16-85076808-85078533,0.015788509,-0.058751795,0.19338642,-0.06304888,0.0070048827,-0.049404114,-0.44932473,chr16,85076808,85078533,1725,364,0.2573861773392049,44.41591819495385,0.4364923023753392,0.2110144927536232,2,False
P2RX4,chr12-121221949-121225357,-0.08605833,-0.076673545,0.14590392,-0.012979375,0.045786522,0.14939287,-0.2288813,chr12,121221949,121225357,3408,538,0.3908171628315366,96.8423056574414,0.4671009397119557,0.1578638497652582,2,False
TGFBR1,chr9-99110738-99114055,-0.07718756,0.021164812,0.094815195,-0.14425504,0.09419162,0.19145967,-0.35562304,chr9,99110738,99114055,3317,540,0.3923828435980938,97.54091363787929,0.4673939479877563,0.1627977087729876,2,False
TP53,chr17-7703486-7706237,-0.12773211,-0.027790908,0.15380763,-0.12527719,0.09336173,0.21199179,-0.117120765,chr17,7703486,7706237,2751,447,0.3202035453559494,66.93083961320438,0.4524963637651036,0.1624863685932388,2,False
GSTK1,chr7-143205581-143206469,-0.21450269,-0.005839162,0.083476424,-0.040906295,0.03180992,0.54684496,-0.2858793,chr7,143205581,143206469,888,766,0.57583780383383,196.089249305324,0.4955054350412921,0.8626126126126126,1,False
SMARCB1,chr22-23785965-23788157,-0.060372423,0.0040856726,0.070370674,-0.08754903,0.014125729,0.17861639,-0.12655218,chr22,23785965,23788157,2192,2743,2.663999399851785,2508.662198955207,0.6077612564661372,1.251368613138686,5,False
FILIP1L,chr3-100044265-100044982,-0.18570581,-0.07141668,-0.060910266,-0.022872033,0.26607254,0.52574694,-0.2736798,chr3,100044265,100044982,717,464,0.3332370302115219,72.04432766477716,0.4554202524215469,0.6471408647140865,11,False
PFN1,chr17-4879513-4880181,-0.52291995,0.08246554,0.39173558,-0.22128895,0.33255085,0.5606987,-0.6296736,chr17,4879513,4880181,668,336,0.236534634281626,37.84043747915972,0.4303009168140425,0.5029940119760479,13,False
STK17A,chr7-43571945-43573237,-0.11671358,0.11540866,-0.1719478,-0.08046956,-0.13123384,0.82954454,-0.34846634,chr7,43571945,43573237,1292,2371,2.2047249648212923,1874.3796194286983,0.5938937290271615,1.835139318885449,12,False
EMILIN2,chr18-2855514-2859350,-0.17593947,0.12718129,0.096374325,-0.07635845,0.26933292,-0.046832357,-0.6151355,chr18,2855514,2859350,3836,2616,2.5037530995281223,2281.763051683894,0.6032147863913347,0.6819603753910324,11,False
PLEC,chr8-143965159-143967156,-0.18427962,0.15987422,0.08455394,-0.20426424,0.106079936,0.2807603,-0.37084702,chr8,143965159,143967156,1997,358,0.2529208186208317,43.01537668111593,0.4352097217070655,0.1792689033550325,2,False
RPL27,chr17-42984855-42986284,-0.35173574,0.03794492,0.24006738,-0.23171605,0.18633671,0.5969976,-0.27892184,chr17,42984855,42986284,1429,1071,0.8413394948154995,382.8598239413138,0.5232930877718251,0.7494751574527642,11,False
UBE2L3,chr22-21623716-21627351,-0.18470918,-0.02456962,0.11859823,-0.14743552,0.26097503,0.290892,-0.3185248,chr22,21623716,21627351,3635,444,0.3178999410999935,66.01772324108038,0.4519672276364909,0.1221458046767537,4,False
SAMD4B,chr19-39349501-39352193,-0.026121236,0.13383126,-0.06458292,-0.0792695,0.042045854,0.109965086,-0.42123044,chr19,39349501,39352193,2692,516,0.3735857072873008,89.13070756918971,0.4637963160460575,0.1916790490341753,2,False
PNPLA6,chr19-7595353-7596983,-0.23574717,-0.0023560475,0.22641535,-0.054218233,0.17263281,0.1250163,-0.24512371,chr19,7595353,7596983,1630,334,0.2350697215262653,37.44423430032233,0.4298456309945695,0.2049079754601227,2,False
DCTN3,chr9-34627792-34629817,-0.16033521,-0.0025152992,0.123066805,-0.037875246,0.060562424,0.26535892,-0.27211237,chr9,34627792,34629817,2025,351,0.2476966644107405,41.337689896632206,0.4336801335396021,0.1733333333333333,2,False
NPC1,chr18-23573546-23575412,-0.11901743,-0.023817848,0.08490769,0.019154679,0.10029158,0.19608952,-0.47704676,chr18,23573546,23575412,1866,482,0.3471325090887973,77.74465977548074,0.458414156111617,0.2583065380493033,7,False
IL32,chr16-2985505-2988180,-0.16469212,-0.12904777,-0.15255772,-0.17017558,-0.1755252,1.6028284,-0.17086338,chr16,2985505,2988180,2675,335,0.2358114002753407,37.67001222629764,0.4300764936514657,0.1252336448598131,4,False
DIAPH1,chr5-141701534-141703648,-0.09768858,0.23334335,0.14025427,-0.18596776,-0.1493992,0.21117355,-0.6627541,chr5,141701534,141703648,2114,444,0.3179108299900922,66.05040080026677,0.4519697378144262,0.2100283822138126,2,False
HSPB1,chr7-76294487-76295188,-0.13377453,-0.06462482,-0.008096633,-0.1637848,0.21087897,0.49916965,-0.064708054,chr7,76294487,76295188,701,348,0.2454583081620342,40.62038279426474,0.4330148641389395,0.4964336661911555,13,False
AP3D1,chr19-2170261-2172039,-0.17759104,0.01378246,0.21569201,-0.13010271,0.050539758,0.25532147,-0.2683615,chr19,2170261,2172039,1778,306,0.2144021518224613,31.42085761920638,0.4231012510662357,0.172103487064117,2,False
RPL22L1,chr3-170866796-170867895,-0.06779135,0.0022038356,-0.052048825,-0.090295784,0.16179572,0.22783655,-0.107809514,chr3,170866796,170867895,1099,407,0.2897259360436225,55.46753406691119,0.445166229965179,0.370336669699727,0,False
PCBP2,chr12-53484851-53488238,-0.18579817,0.029672217,0.22209045,-0.12972324,0.032327883,0.2816552,-0.34553832,chr12,53484851,53488238,3387,469,0.3371027839743834,73.64545470712461,0.4562655171777834,0.1384706229701801,4,False
RPL17,chr18-49476200-49477553,-0.34851506,-0.0023131156,0.3011546,-0.11864022,0.108264215,0.5890501,-0.5727626,chr18,49476200,49477553,1353,1111,0.8777074573749026,412.0000795820829,0.52639439514661,0.8211382113821138,1,False
C14orf119,chr14-23093771-23096986,-0.11496845,0.09603898,-0.052224196,-0.08626778,0.058697224,0.29026145,-0.10436626,chr14,23093771,23096986,3215,5898,7.79378421353158,11593.146424808268,0.6864332246372118,1.8345256609642304,12,False
UVRAG,chr11-75810186-75811453,-0.053375755,-0.1320508,0.09152679,0.09953001,0.1080105,0.16252871,-0.6505225,chr11,75810186,75811453,1267,394,0.2799132553977691,52.01967944870512,0.4426411243902386,0.3109707971586424,7,False
HNRNPAB,chr5-178211190-178216624,-0.24122792,0.04066916,0.14518254,-0.14041619,0.21605676,0.2807433,-0.2537201,chr5,178211190,178216624,5434,756,0.5675260577251175,191.1456992330777,0.494439908598148,0.1391240338608759,4,False
CD247,chr1-167562655-167565146,-0.25436446,-0.24957442,-0.23687302,-0.23339765,-0.2548794,2.5239341,-0.28063628,chr1,167562655,167565146,2491,1578,1.3284834684981632,830.7788889629877,0.5567698179625753,0.6334805299076676,6,False
MRPL33,chr2-27715039-27716932,-0.18604027,0.10986906,0.13042763,-0.14053857,-0.020645805,0.3349752,-0.21842328,chr2,27715039,27716932,1893,370,0.261880414283009,45.90312326331,0.4377609038210864,0.1954569466455361,2,False
PFKL,chr21-44285248-44287768,-0.2285914,-0.037040453,0.11665024,-0.03350685,0.29108012,0.19254014,-0.24392198,chr21,44285248,44287768,2520,361,0.2551604993141296,43.7366584417028,0.4358558287381241,0.1432539682539682,4,False
RASSF3,chr12-64560401-64561431,0.015456168,0.023143243,0.1994485,-0.18790245,-0.1997556,0.21112119,-0.3235799,chr12,64560401,64561431,1030,309,0.2166012120668013,32.02023741247081,0.4238490916164069,0.3,7,False
TRAPPC6A,chr19-45170527-45173901,-0.16854265,-0.007846071,0.12484037,-0.14735937,0.13345504,0.35121435,-0.2314779,chr19,45170527,45173901,3374,337,0.237286090216973,38.09555674113594,0.4305333716602908,0.0998814463544754,4,False
CCDC57,chr17-82222550-82223568,-0.09249651,0.05844913,0.055156443,-0.13378358,-0.08959506,0.4052533,-0.14958683,chr17,82222550,82223568,1018,787,0.5934454186791206,206.92970145604087,0.4977127403884607,0.7730844793713163,1,False
TOMM20,chr1-235077116-235078208,-0.19789143,0.021253288,0.032960102,-0.16370183,0.20928535,0.48622864,-0.3003751,chr1,235077116,235078208,1092,611,0.4487918541620579,124.82435434033566,0.4772377605925342,0.5595238095238095,6,False
RNF181,chr2-85516630-85517208,-0.2074954,-0.072617754,0.17599113,-0.103049375,0.18027285,0.3338442,-0.14715813,chr2,85516630,85517208,578,308,0.2158666367259226,31.81577681449372,0.4236001303920482,0.532871972318339,6,False
STARD7,chr2-96202372-96205567,-0.16521221,0.03526322,0.099951535,-0.15339687,0.17947605,0.27220905,-0.32756236,chr2,96202372,96205567,3195,361,0.2551382770894382,43.66996954540403,0.4358494459301065,0.1129890453834115,4,False
IGSF6,chr16-21640377-21641176,-0.2954602,-0.006838805,0.30611855,-0.17188893,0.40697524,0.06655867,-0.46440715,chr16,21640377,21641176,799,347,0.244709077708416,40.37194220295653,0.4327908269459692,0.4342928660826032,13,False
ARHGAP35,chr19-46845907-46846781,-0.06708843,0.020942504,0.037474997,-0.13997573,0.07350619,0.22853595,-0.1462438,chr19,46845907,46846781,874,393,0.2791555941283993,51.74593797932642,0.442442487991651,0.4496567505720824,13,False
SS18L2,chr3-42580260-42583439,-0.10110318,-0.028897686,0.0027571383,-0.084025264,0.12700772,0.34531847,-0.18482684,chr3,42580260,42583439,3179,3000,2.999144777682753,3000.4334778259417,0.6164455034877707,0.9436929852154764,9,False
VPS51,chr11-65061140-65062401,-0.18600464,0.0490516,0.14542358,-0.09576975,-0.008943154,0.45018578,-0.5126323,chr11,65061140,65062401,1261,340,0.2394995673518038,38.73820162276314,0.4312138334633893,0.2696272799365583,7,False
CEP128,chr14-81033750-81034386,-0.10754128,0.0037745682,0.043098673,-0.10425231,0.013710254,0.38891977,-0.13191782,chr14,81033750,81034386,636,593,0.4343775076715749,117.56690052239637,0.4748453357469427,0.9323899371069182,9,False
FPGS,chr9-127719096-127723679,-0.08310006,0.047198147,0.02606051,-0.058063507,0.09943426,0.09228734,-0.21276839,chr9,127719096,127723679,4583,659,0.4875794940273512,145.22606157608092,0.4833127090620546,0.1437922758018765,4,False
MLH3,chr14-75147147-75148250,-0.1354264,0.14464447,0.069594204,-0.22194089,0.042319205,0.2400347,-0.10310361,chr14,75147147,75148250,1103,680,0.5046771079270861,154.53600088918523,0.4858385341349562,0.6165004533091568,6,False
SDF2L1,chr22-21646257-21647332,-0.19646218,-0.0046237647,-0.020463442,-0.05708007,0.3193012,0.2984583,-0.24521269,chr22,21646257,21647332,1075,348,0.2454527526058614,40.603710570190046,0.4330132054173402,0.3237209302325581,0,False
CD247,chr1-167612324-167613209,-0.25436446,-0.24957442,-0.23687302,-0.23339765,-0.2548794,2.5239341,-0.28063628,chr1,167612324,167613209,885,550,0.4002481185460872,101.14460375680778,0.4688484217963762,0.6214689265536724,6,False
UBE2N,chr12-93433847-93435453,-0.08951723,0.061308976,0.06298679,-0.09667851,0.013127744,0.2810659,-0.47973672,chr12,93433847,93435453,1606,353,0.2491700115374087,41.75920462376348,0.4341147590935406,0.2198007471980074,2,False
TMEM62,chr15-43127868-43129178,-0.07703538,0.03143703,0.040464878,-0.040610526,0.047556102,0.12697518,-0.2070312,chr15,43127868,43129178,1310,323,0.2269187912872731,34.98329265310659,0.4272593849363818,0.2465648854961832,7,False
CEP68,chr2-65040444-65041113,-0.12972501,-0.03802327,0.0046580005,-0.058136534,0.14892901,0.37119144,-0.19771735,chr2,65040444,65041113,669,342,0.2409855876650653,39.19774858286093,0.4316671430781195,0.5112107623318386,13,False
HELZ2,chr20-63580511-63581558,-0.11632886,-0.009984959,0.09547963,0.061217837,0.027312715,0.066874266,-0.1529864,chr20,63580511,63581558,1047,325,0.2283999327851777,35.42819828831832,0.4277361795558169,0.3104106972301815,7,False
TCF20,chr22-42380893-42382276,-0.16437142,-0.03538122,0.13880378,-0.037148025,0.020926084,0.3164938,-0.103323326,chr22,42380893,42382276,1383,322,0.2261888867617281,34.792849171946195,0.4270232752607058,0.2328271872740419,7,False
NUP188,chr9-128946105-128949049,-0.16770108,0.054043178,-0.04367321,-0.08188339,0.1461478,0.3741614,-0.09721821,chr9,128946105,128949049,2944,2672,2.573983014294409,2380.523025897521,0.6052421352336749,0.907608695652174,1,False
ALOX5AP,chr13-30718599-30719736,-0.061539054,0.03464264,0.13444705,-0.17416789,-0.20349824,0.475383,-0.23689999,chr13,30718599,30719736,1137,617,0.4536049853635169,127.26856107591416,0.4780195378408445,0.5426561125769569,6,False
PPP6R3,chr11-68470222-68472621,-0.092580214,0.08348342,0.12143611,-0.16508482,0.0053898534,0.275895,-0.5674206,chr11,68470222,68472621,2399,546,0.3971167676796409,99.74741980660215,0.4682728153713293,0.2275948311796582,7,False
LFNG,chr7-2501847-2505933,-0.24987133,-0.029765978,0.2151157,-0.03916483,0.22806929,0.1646081,-0.3117316,chr7,2501847,2505933,4086,531,0.3853253819250424,94.36147115705236,0.4660638227559429,0.1299559471365639,4,False
NBR1,chr17-43251474-43251941,-0.10549504,-0.05375174,0.144539,0.0010690478,0.026969247,0.17221026,-0.2677608,chr17,43251474,43251941,467,423,0.3018595255399472,59.880436145381786,0.4481728703670556,0.9057815845824412,1,False
FBRS,chr16-30666388-30671100,-0.09906101,0.01690797,0.11840511,-0.06622845,0.021508852,0.10682735,-0.09424873,chr16,30666388,30671100,4712,916,0.7039419958454068,280.5299295320661,0.5102263128125696,0.1943972835314091,2,False
HLTF,chr3-149095324-149096062,-0.17945866,0.012696469,0.060199704,-0.08827167,0.030984951,0.5099178,-0.21807647,chr3,149095324,149096062,738,524,0.3798118087198306,91.81523796821163,0.4650076131217512,0.7100271002710027,11,False
C1orf112,chr1-169604399-169605730,-0.04139128,-0.029158764,0.035600536,-0.05383061,-0.09082066,0.3814852,-0.17789982,chr1,169604399,169605730,1331,2664,2.56387044843005,2366.17521573858,0.604953646415454,2.001502629601803,12,False
CAPG,chr2-85413286-85414471,-0.28456497,0.21183126,0.2247912,-0.18490615,0.107286975,0.09692191,-0.26145798,chr2,85413286,85414471,1185,330,0.2320923368991485,36.50910303434478,0.4289114693477525,0.2784810126582278,7,False
STAU1,chr20-49244880-49248957,-0.08284653,-0.04167297,0.13990867,-0.051791564,-0.098956764,0.3045801,-0.111669295,chr20,49244880,49248957,4077,630,0.4641019182335465,132.76985661887298,0.4796961250024235,0.1545253863134658,2,False
RUFY2,chr10-68406276-68408065,-0.10641981,-0.00073687057,0.059372965,0.026935603,-0.053932782,0.2937352,-0.25249755,chr10,68406276,68408065,1789,1242,0.9993218052579784,514.964737579193,0.5359041945563425,0.694242593627725,11,False
RBM28,chr7-128342924-128344577,-0.13657606,-0.09909888,0.19072726,-0.106620826,0.13221903,0.2815884,-0.25492728,chr7,128342924,128344577,1653,1022,0.797302905774397,348.7060202289652,0.5193532091684511,0.6182698124621899,6,False
SEL1L3,chr4-25856672-25857816,-0.14406566,0.061691634,-0.053883266,-0.18318576,-0.049830474,0.8007852,-0.23782174,chr4,25856672,25857816,1144,362,0.2558839478389572,43.90772746471045,0.4360633191467141,0.3164335664335664,0,False
SLC25A45,chr11-65388398-65391378,-0.088601574,-0.094675995,-0.032782078,-0.074051864,-0.020924458,0.69844615,-0.11991735,chr11,65388398,65391378,2980,431,0.3079822918498843,62.25485784150271,0.4496444841608427,0.1446308724832214,4,False
PAM16,chr16-4377697-4389582,-0.05449324,0.008977609,0.06584448,-0.080218896,-0.06842222,0.23859188,-0.041526772,chr16,4377697,4389582,11885,1942,1.7136485809239164,1258.6593913526729,0.5754273646962385,0.1633992427429533,2,False
PET100,chr19-7616470-7621755,-0.15117636,0.022535177,0.10660576,-0.14115392,0.1774605,0.23294246,-0.3284857,chr19,7616470,7621755,5285,848,0.6452228710988376,240.31383616761136,0.5038431229087051,0.1604541154210028,2,False
CMTM3,chr16-66607855-66609447,-0.1834434,-0.005572487,0.13790518,-0.058113772,0.092781425,0.3056724,-0.31346402,chr16,66607855,66609447,1592,494,0.3564465527903577,81.6961049238635,0.4603545929474274,0.3103015075376884,7,False
EAPP,chr14-34538147-34540734,-0.03680382,-0.0031663077,-0.027938515,-0.054960746,-0.019182244,0.35018638,-0.22295657,chr14,34538147,34540734,2587,2552,2.4243598687807264,2171.503966210959,0.6008532797512589,0.9864708156165444,9,False
GNG7,chr19-2694397-2695954,-0.052538212,0.034553062,-0.026752327,-0.102211565,0.04383809,0.23736888,-0.058541734,chr19,2694397,2695954,1557,436,0.3117809833830722,63.65473113259976,0.4505428689775113,0.2800256904303147,7,False
POLR2K,chr8-100157515-100158946,-0.08769973,-0.02606399,0.016558426,-0.018103542,0.1313745,0.19456136,-0.27154985,chr8,100157515,100158946,1431,1373,1.124668624370588,629.1305417361342,0.5445641264673784,0.9594689028651292,9,False
CAPN7,chr3-15202493-15203333,-0.066413015,0.02130411,0.06877799,-0.09332647,-0.0008961261,0.31301466,-0.48997605,chr3,15202493,15203333,840,406,0.2889773897382284,55.22114660442371,0.4449766415879622,0.4833333333333333,13,False
MLF2,chr12-6777639-6780682,-0.09843838,0.06493554,0.022263398,-0.07471236,0.04331116,0.18432231,-0.13954479,chr12,6777639,6780682,3043,1300,1.0543415245564656,564.0789151939537,0.5398319264436628,0.4272099901413079,13,False
TYW1,chr7-66985334-66987729,-0.16731921,-0.005827679,0.06682695,-0.0987137,0.08394588,0.487508,-0.34300712,chr7,66985334,66987729,2395,355,0.2506615797031384,42.2354006891186,0.4345521497156406,0.1482254697286012,2,False
SIL1,chr5-139296909-139302265,-0.13432162,0.052939236,0.11725395,-0.108904585,0.15446548,0.11452619,-0.42583168,chr5,139296909,139302265,5356,481,0.3463679850038502,77.45032299655439,0.4582525739748883,0.0898058252427184,4,False
FCF1,chr14-74698316-74699102,-0.0892512,0.037528068,0.07559673,-0.070726536,0.022590883,0.18535662,-0.27730912,chr14,74698316,74699102,786,695,0.5169598315140553,161.39645437368006,0.4876007852387425,0.8842239185750637,1,False
TNK2,chr3-195914369-195915665,-0.018938998,-0.04187298,0.1495908,-0.08298927,-0.05752914,0.10447248,-0.11538494,chr3,195914369,195915665,1296,1361,1.1129779279605103,618.046761809492,0.5437983506989903,1.0501543209876545,9,False
SMARCD2,chr17-63829913-63833640,-0.17437592,0.01055572,0.15254647,-0.1034122,0.10523573,0.22880982,-0.18726751,chr17,63829913,63833640,3727,385,0.2731409599786252,49.69602089585419,0.4408462309507795,0.1033002414810839,4,False
CTNNA1,chr5-138529201-138531926,-0.10406663,0.108793736,0.15190741,-0.0637556,0.044284128,-0.053601976,-0.47795737,chr5,138529201,138531926,2725,580,0.4240304322996776,112.5153273313327,0.47307851009697,0.2128440366972477,2,False
RPS14,chr5-150453463-150454951,-0.4345112,0.07453464,0.26726055,-0.13894698,0.12280954,0.6029706,-0.19175091,chr5,150453463,150454951,1488,316,0.2217552311579886,33.48744870512393,0.4255724968847351,0.2123655913978494,2,False
NDUFS2,chr1-161139492-161140248,-0.18922119,-0.010161127,0.15279089,-0.014086667,0.059719928,0.23138562,-0.16863692,chr1,161139492,161140248,756,303,0.2121890889098987,30.77945581860619,0.4223408643931133,0.4007936507936508,0,False
VCPKMT,chr14-50115478-50117305,-0.023537649,0.029518625,-0.05281704,-0.031548638,0.034704935,0.18403102,-0.24397221,chr14,50115478,50117305,1827,1967,1.7408905506174683,1290.412542403023,0.5765832271740956,1.0766283524904214,9,False
PSMC5,chr17-63829913-63833640,-0.20286095,-0.07997526,0.1095724,-0.10342593,0.1570022,0.51993686,-0.20542456,chr17,63829913,63833640,3727,385,0.2731409599786252,49.69602089585419,0.4408462309507795,0.1033002414810839,4,False
STUB1,chr16-689453-691353,-0.1615351,0.005503743,0.16932942,-0.13508102,0.080290295,0.2850248,-0.26711494,chr16,689453,691353,1900,1084,0.8531351235335323,392.2585057241303,0.5243134204960885,0.5705263157894737,6,False
PHAX,chr5-126694932-126695535,-0.18449426,0.06362423,0.003496867,-0.028161475,0.11097714,0.32317424,-0.24890135,chr5,126694932,126695535,603,371,0.2626247490323795,46.13687184617092,0.4379689058601476,0.615257048092869,6,False
NDUFA13,chr19-19507534-19512001,-0.375978,0.010117614,0.17952575,-0.05801264,0.3092952,0.41424885,-0.34879586,chr19,19507534,19512001,4467,481,0.346375985004739,77.47433099922193,0.4582542666205608,0.1076785314528766,4,False
RNASEH2B,chr13-50891949-50894467,-0.17672499,-0.07299044,0.21160813,-0.019436443,0.029138394,0.37927508,-0.4851754,chr13,50891949,50894467,2518,580,0.4240248767435048,112.498655107258,0.4730775499181101,0.2303415409054805,7,False
RNF34,chr12-121489971-121491671,-0.08208103,-0.06626279,0.084739484,-0.03980158,-0.028257228,0.35082826,-0.13317026,chr12,121489971,121491671,1700,465,0.3340151148905683,72.37935978659551,0.4555911696556695,0.2735294117647059,7,False
HIVEP2,chr6-142867325-142868543,-0.23288175,-0.044367567,-0.038577087,-0.012566364,0.0751512,0.8214098,-0.31529653,chr6,142867325,142868543,1218,410,0.2919993509628908,56.29005223963545,0.4457390414913286,0.3366174055829228,0,False
PRKAR1A,chr17-68517434-68519535,-0.2636487,0.012358846,0.20719199,-0.10463069,0.2133107,0.27637917,-0.3910677,chr17,68517434,68519535,2101,374,0.2648737515044909,46.88612826497721,0.4385938196510398,0.1780104712041884,2,False
DUSP1,chr5-172757528-172759144,0.117937386,0.13320431,-0.26067966,0.12633345,0.19718543,-0.18320633,-1.1998615,chr5,172757528,172759144,1616,341,0.2402625776588049,39.02799555407356,0.4314469395252151,0.2110148514851485,2,False
MAML1,chr5-179775882-179776819,-0.004642511,0.08074316,-0.029925155,-0.089617886,-0.037389316,0.1850478,-0.28566307,chr5,179775882,179776819,937,309,0.2166065454007272,32.03624274758251,0.423850896093301,0.3297758804695838,0,False
RAN,chr12-130878186-130880995,-0.22041474,-0.05496217,0.052847233,-0.06153415,0.15463425,0.572582,-0.24261229,chr12,130878186,130880995,2809,348,0.2454631970514663,40.635054351450464,0.4330163237828921,0.1238875044499822,4,False
RNF149,chr2-101298762-101301661,0.15332977,-0.18413629,0.04487939,0.025231836,0.04178004,-0.022727447,-0.52467525,chr2,101298762,101301661,2899,450,0.3224960358328929,67.8106035345115,0.4530191812931763,0.1552259399793032,2,False
C12orf65,chr12-123241729-123242887,-0.09607551,-0.09413838,-0.050402656,-0.05433202,0.09560785,0.5548681,-0.12238791,chr12,123241729,123242887,1158,332,0.233582585361028,36.98133866844504,0.4293805268517541,0.2867012089810017,7,False
GIT2,chr12-110003132-110005987,-0.043002997,0.011901784,0.14396754,-0.072726175,-0.0300399,0.09195883,-0.36752138,chr12,110003132,110005987,2855,319,0.2239720602931918,34.140152939868834,0.4263014764415639,0.1117338003502627,4,False
UPF1,chr19-18931299-18933390,-0.16963455,0.007969977,0.16079946,-0.04705117,0.056685146,0.19525138,-0.21541825,chr19,18931299,18933390,2091,1414,1.1646601448140903,667.1450945870846,0.547124791114519,0.676231468197035,11,False
PIK3C2A,chr11-17285259-17287554,-0.08572537,0.021485947,0.11760987,-0.108094744,0.09555876,0.13908373,-0.44102365,chr11,17285259,17287554,2295,417,0.2973249383694376,58.2721400466822,0.4470636080075748,0.1816993464052287,2,False
PCBP2,chr12-53481774-53484269,-0.18579817,0.029672217,0.22209045,-0.12972324,0.032327883,0.2816552,-0.34553832,chr12,53481774,53484269,2495,412,0.2935255520213576,56.87018161609424,0.4461210879138323,0.165130260521042,2,False
STK3,chr8-98947207-98949580,-0.035068493,0.012229335,0.14153774,-0.018010873,-0.003699861,0.009215369,-0.54306674,chr8,98947207,98949580,2373,375,0.2656198628466514,47.12520840280093,0.4387999645259158,0.1580278128950695,2,False
ACTN4,chr19-38655111-38658241,-0.24669622,0.0857204,0.27919844,-0.12681015,0.08751888,0.143139,-0.38658667,chr19,38655111,38658241,3130,529,0.3837494736017933,93.63217027898187,0.4657634837640683,0.1690095846645367,2,False
BCL9L,chr11-118939675-118941155,-0.14298396,-0.021454802,0.112776525,-0.047853284,-0.11293807,0.46355787,-0.033839487,chr11,118939675,118941155,1480,316,0.2217561200469763,33.49011626097588,0.4255727906439915,0.2135135135135135,2,False
FXYD5,chr19-35146897-35147501,-0.30001017,0.069774255,0.23506409,-0.26182774,0.17812361,0.48431754,-0.36246812,chr19,35146897,35147501,604,519,0.3759112475456941,90.1096538846282,0.464251098978133,0.859271523178808,1,False
TPM4,chr19-16133999-16136044,-0.06712066,0.21123756,-0.029599309,-0.0930106,-0.07756872,0.15212588,-0.34966186,chr19,16133999,16136044,2045,318,0.2232285990253998,33.90902567522507,0.4260578047450453,0.1555012224938875,2,False
PSMD4,chr1-151251199-151252461,-0.28122598,0.075381026,0.25393933,-0.10736313,0.06762207,0.2724445,-0.28637263,chr1,151251199,151252461,1262,327,0.2298717397635266,35.84509103034343,0.4282069163141745,0.2591125198098257,7,False
SH3GL1,chr19-4388886-4391720,-0.04916227,0.03442993,0.006295713,-0.09726151,0.043125335,0.17570436,-0.11295253,chr19,4388886,4391720,2834,448,0.3209627461810458,67.20920128931867,0.4526699179006206,0.1580804516584333,2,False
GRK5,chr10-119198001-119199837,-0.08158625,-0.06165305,0.06678573,-0.053172544,0.030936638,0.32614148,-0.17869805,chr10,119198001,119199837,1836,374,0.2648677515038242,46.86812226297654,0.4385921595440683,0.2037037037037037,2,False
EGLN2,chr19-40875127-40876935,-0.12800111,-0.026197119,0.15120767,-0.16006444,0.078350976,0.3213147,-0.20807554,chr19,40875127,40876935,1808,473,0.3401851149835313,74.8955300655774,0.4569325661689844,0.2616150442477876,7,False
LHPP,chr10-124461162-124462671,-0.10959428,-0.022776736,0.048476085,0.033675496,0.046860255,0.20607564,-0.21971527,chr10,124461162,124462671,1509,1195,0.9552341024334188,476.6575414026897,0.5325975172219273,0.7919151756129887,1,False
PSMC2,chr7-103343464-103345317,-0.13351808,0.057148356,0.061798837,-0.08659275,0.07662804,0.22273155,-0.23483713,chr7,103343464,103345317,1853,1473,1.2229015834335093,723.9276518839613,0.5507009139196908,0.7949271451699946,1,False
PSMD12,chr17-67374308-67375257,-0.15493298,0.102237314,0.14137918,-0.095895685,-0.0029539203,0.18223767,-0.31377012,chr17,67374308,67375257,949,481,0.3463586516694798,77.4223136601089,0.4582505991721916,0.5068493150684932,13,False
GIMAP5,chr7-150784019-150786631,-0.2134658,-0.17634788,0.07816179,-0.024656715,0.16087988,0.68484426,-0.1881059,chr7,150784019,150786631,2612,1808,1.5682923425510011,1090.445319995554,0.5689315160141224,0.6921898928024502,11,False
CARNMT1,chr9-75026830-75029470,-0.11228183,0.0065639038,0.003794181,-0.024861123,0.08613294,0.2619162,-0.18837942,chr9,75026830,75029470,2640,3936,4.343912246212472,5164.080650883628,0.6435940307983922,1.490909090909091,8,False
C4orf3,chr4-119299042-119301491,-0.2837205,-0.039031193,0.16164005,-0.070528336,0.1973559,0.4795719,-0.32812962,chr4,119299042,119301491,2449,2772,2.701058598784289,2561.8768549516503,0.608773715098794,1.1318905675786035,5,False
NEK9,chr14-75140666-75142582,-0.09391898,0.0029437498,0.06074749,-0.052517503,-0.0043360176,0.29543984,-0.22713801,chr14,75140666,75142582,1916,330,0.2320945591216176,36.515771923974654,0.4289121710347555,0.1722338204592902,2,False
CUTC,chr10-99685091-99686131,-0.14534406,-0.01575709,0.075758025,-0.06730681,0.08413723,0.3122293,-0.13405445,chr10,99685091,99686131,1040,913,0.7012208084319417,278.363646104257,0.5099424678929905,0.8778846153846154,1,False
PARP10,chr8-143917810-143923912,-0.12712598,0.026645776,0.06739849,-0.0311611,0.053314637,0.19749533,-0.20663944,chr8,143917810,143923912,6102,557,0.4058325267221326,103.90341269311988,0.4698638620676598,0.0912815470337594,4,False
RPL9,chr4-39469259-39470139,-0.41313952,0.0051041422,0.26296046,-0.12674966,0.21402973,0.61046207,-0.3543873,chr4,39469259,39470139,880,776,0.5841732980933294,201.10406757808155,0.4965586704717633,0.8818181818181818,1,False
IQSEC1,chr3-12981838-12984817,0.12644973,0.023679223,-0.05266103,-0.050689027,-0.043320607,0.039628632,-0.5644712,chr3,12981838,12984817,2979,387,0.2746473980719331,50.21684161387128,0.4412493082685894,0.1299093655589124,4,False
MIEN1,chr17-39737440-39741298,-0.12718092,-0.0047186473,0.13108645,-0.082003556,0.0695349,0.22681473,-0.2871419,chr17,39737440,39741298,3858,413,0.2942845409945786,57.14790752473045,0.4463103429490849,0.1070502851218247,4,False
EAPP,chr14-34547638-34551910,-0.03680382,-0.0031663077,-0.027938515,-0.054960746,-0.019182244,0.35018638,-0.22295657,chr14,34547638,34551910,4272,827,0.627291191328651,228.50086517728133,0.5017775719830804,0.1935861423220973,2,False
TMF1,chr3-69050542-69053222,-0.125111,0.045068547,0.076440655,-0.0611885,-0.014710891,0.28287464,-0.21869223,chr3,69050542,69053222,2680,3356,3.4877247229323767,3754.6618935200618,0.6275059460259411,1.2522388059701492,5,False
LHPP,chr10-124520584-124521282,-0.10959428,-0.022776736,0.048476085,0.033675496,0.046860255,0.20607564,-0.21971527,chr10,124520584,124521282,698,330,0.2320932257881362,36.51177059019673,0.4289117500233599,0.4727793696275071,13,False
NFKBIB,chr19-38887124-38889817,-0.09554614,0.027793128,0.007142194,-0.042269994,0.1089798,0.16614562,-0.21125804,chr19,38887124,38889817,2693,537,0.390047322005258,96.53201333777926,0.4669564376038393,0.1994058670627553,2,False
APOL3,chr22-36065565-36066655,-0.17417563,-0.17318496,0.16520552,0.02749898,0.26386955,0.21743324,-0.32169724,chr22,36065565,36066655,1090,318,0.2232317101368566,33.918362120706895,0.4260588261112616,0.291743119266055,7,False
METTL21A,chr2-207632515-207633651,-0.089730464,0.08352598,0.02678858,-0.03728183,0.0038393945,0.12810811,-0.19819276,chr2,207632515,207633651,1136,1398,1.149014364112707,652.192106702234,0.546133616042306,1.2306338028169015,5,False
APH1B,chr15-63276567-63278646,-0.0122117605,-0.089625746,0.042692143,-0.07637427,0.121176206,0.15908995,-0.19367091,chr15,63276567,63278646,2079,1759,1.5162606749919267,1032.2982856507724,0.566458849902578,0.8460798460798461,1,False
FNTA,chr8-43101800-43103754,-0.15920198,-0.088454016,0.18393674,-0.07389488,0.020835279,0.46296635,-0.32277596,chr8,43101800,43103754,1954,489,0.3525663916184879,80.05174124708233,0.4595524556487463,0.2502558853633572,7,False
MFNG,chr22-37425648-37428008,-0.16419315,-0.014005569,0.13805188,-0.15266582,0.12021776,0.3491708,-0.21545847,chr22,37425648,37428008,2360,365,0.2581331805333163,44.65767478048239,0.4367046887046881,0.1546610169491525,2,False
HAX1,chr1-154264427-154267771,-0.14373845,-0.01716346,0.002455744,-0.08831294,0.14472605,0.43764752,-0.24583003,chr1,154264427,154267771,3344,331,0.2328417946120512,36.7582256307658,0.4291477373200708,0.0989832535885167,4,False
ZNF394,chr7-99488850-99494504,-0.051975597,0.02631493,0.0008656132,-0.058557127,-0.04381348,0.21606308,0.0615601,chr7,99488850,99494504,5654,799,0.6035743780267828,213.32670845837507,0.4989530286547058,0.1413158825610187,4,False
DUSP22,chr6-290377-293961,-0.13375561,0.08290334,0.16517326,-0.08630684,0.003953205,0.056908023,-0.19760662,chr6,290377,293961,3584,5070,6.233767448196382,8567.536112037344,0.6700652002272416,1.4146205357142858,8,False
JAML,chr11-118219389-118220897,-0.140127,-0.0032626146,0.20610867,-0.06447175,0.12794694,0.030330861,-0.3725764,chr11,118219389,118220897,1508,345,0.2432170603574511,39.89439813271091,0.4323426289424465,0.2287798408488063,7,False
ANKRD36C,chr2-95991133-95993224,-0.12424933,0.0512995,-0.06603061,-0.1886352,-0.025631959,0.6847644,0.008621508,chr2,95991133,95993224,2091,581,0.4248273714993375,112.906941869512,0.473216116659282,0.2778574844571975,7,False
EXOC7,chr17-76130430-76133278,-0.11399257,0.08163094,0.0850512,-0.0583391,-0.13487872,0.32791585,-0.23284136,chr17,76130430,76133278,2848,348,0.2454591970510219,40.623050350116685,0.4330151295309115,0.122191011235955,4,False
SNRNP200,chr2-96221046-96221560,-0.12490655,-0.037244268,0.08842691,-0.2022103,0.11627535,0.5224208,-0.3592399,chr2,96221046,96221560,514,296,0.207061931747622,29.392857174613745,0.4205483075863527,0.5758754863813229,6,False
ANKUB1,chr3-149969699-149971972,-0.07896468,0.10918046,0.033230767,0.017338771,0.04314081,0.04299781,-0.6608007,chr3,149969699,149971972,2273,641,0.47299740351823,137.46520795820828,0.4810875052742809,0.2820061592608887,7,False
IFI35,chr17-43013505-43016557,-0.22243683,0.010679094,0.14219478,-0.072341904,0.24251497,0.12568197,-0.16395746,chr17,43013505,43016557,3052,428,0.3056933400400007,61.38571346004223,0.4490977848088996,0.1402359108781127,4,False
CTDNEP1,chr17-7158211-7159702,-0.30046216,0.06924799,0.27850923,-0.16351816,0.12865639,0.32659888,-0.38986048,chr17,7158211,7159702,1491,538,0.3908093850528947,96.81896454373684,0.4670994812165977,0.3608316566063045,0,False
POLG,chr15-89321641-89324176,-0.09913915,-0.044748656,0.08070143,-0.009601055,0.0058864052,0.241467,-0.0744359,chr15,89321641,89324176,2535,354,0.2499194624354958,42.008306768922985,0.4343348559675621,0.1396449704142011,4,False
PEX16,chr11-45926091-45932398,-0.1305474,0.012185346,-0.050814793,-0.017208746,0.18392254,0.2395672,-0.14722973,chr11,45926091,45932398,6307,1249,1.0059363338447778,520.8149378681782,0.5363876750526417,0.1980339305533534,2,False
MOB2,chr11-1546194-1549839,-0.1023123,0.012026749,0.10841007,-0.1300701,-0.0014640043,0.3395912,-0.2729139,chr11,1546194,1549839,3645,599,0.4392004486519016,120.040546404357,0.4756545498953617,0.1643347050754458,2,False
FXYD5,chr19-35166824-35168837,-0.30001017,0.069774255,0.23506409,-0.26182774,0.17812361,0.48431754,-0.36246812,chr19,35166824,35168837,2013,337,0.2372847568834915,38.091555407358015,0.4305329598601384,0.167411823149528,2,False
FCGRT,chr19-49420364-49426452,-0.2833439,-0.0033266693,0.2391209,-0.07590823,0.32334116,0.11409238,-0.43501765,chr19,49420364,49426452,6088,787,0.5934698631262811,207.00305924196957,0.4977157590142099,0.1292706964520368,4,False
GTF2H1,chr11-18320368-18324924,-0.058104057,-0.026980255,0.06970792,-0.029133491,-0.047578756,0.24028297,-0.13463496,chr11,18320368,18324924,4556,4685,5.559940880734172,7315.382583083251,0.6616818086321183,1.0283143107989463,9,False
TXNIP,chr1-146001090-146001986,-0.35504806,-0.055748865,0.24960533,-0.0027034145,0.29499364,0.5161871,-0.9969848,chr1,146001090,146001986,896,353,0.2491755670935815,41.77587684783818,0.4341163930696703,0.3939732142857143,0,False
SNX27,chr1-151593645-151594727,-0.03239338,0.013812863,0.28507632,-0.1826649,-0.053533077,0.041712224,-0.51489395,chr1,151593645,151594727,1082,396,0.2814130214903357,52.52047749249751,0.4430327381702358,0.3659889094269871,0,False
PSMC6,chr14-52692182-52692881,-0.116766885,0.026306095,0.07240647,-0.08578111,0.12626958,0.20058775,-0.3793374,chr14,52692182,52692881,699,303,0.2121917555768617,30.78745848616204,0.4223417853976766,0.4334763948497854,13,False
FOSB,chr19-45527935-45529784,0.34160697,0.28398263,-1.0333083,0.23438948,0.17455943,-0.07107047,-0.26156816,chr19,45527935,45529784,1849,354,0.2499261291029032,42.02831343781261,0.4343368108547361,0.1914548404542996,2,False
ZNF207,chr17-32352719-32356100,-0.21592283,0.11354907,0.30435798,-0.14612034,-0.08136264,0.31368512,-0.66016,chr17,32352719,32356100,3381,393,0.2791642607960289,51.77194664888294,0.4424447631825572,0.1162377994676131,4,False
WDR41,chr5-77629349-77631531,-0.13828391,0.032472774,0.14753434,-0.12628229,0.1253829,0.13827944,-0.30077636,chr5,77629349,77631531,2182,355,0.2506798019273854,42.2900855840836,0.4345574771316029,0.1626947754353803,2,False
